Population density,Distance to street,Rainfall,Temperature,Wind speed,Wind direction,Distance to industrial,Humidity,Elevation,Traffic volume,Land surface temperature (LST),Normalized difference vegetation index (NDVI),Distance to transportation,PM2.5
0,276.586,265.723,17.259,2.57702,243.128,152.971,37.1871,1106,0,61.1812,0.105923,335.4101868,1
747.844,0,263.802,17.2885,2.60164,242.609,123.693,36.974,1110,0,60.1474,0.0565129,107.7032928,1
403.589,30,262.844,17.3055,2.61468,242.054,247.386,36.8323,1112,0,59.8114,0.0213005,254.9509735,1
594.578,0,272.966,17.2089,2.49355,239.587,228.473,37.2039,1111,20.37502654,59.839,0.0737384,463.8965454,1
0,323.11,269.917,17.2274,2.53074,241.033,30,37.1938,1109,0,60.4878,0.0676249,328.9376831,1
0,60,273.491,17.1933,2.48909,240.063,67.082,37.3112,1108,7187.915661,60.8314,0.081712,78.10249329,1
346.521,42.4264,279.355,17.1352,2.42115,238.639,210,37.525,1108,10476.98204,59.9854,0.0502579,174.6424866,1
267.279,42.4264,280.269,17.1348,2.40828,238.027,84.8528,37.4984,1110,850.7847398,60.0322,0.0427497,237.0653992,1
251.63,30,290.75,17.0084,2.29533,236.347,1189.83,38.0149,1104,19.37567916,59.8726,0.0634919,539.0733032,1
11.3285,42.4264,284.206,17.0822,2.36677,237.664,553.173,37.7328,1105,12.62558337,60.2556,0.493315,339.4112549,1
287.816,108.167,286.054,17.073,2.34303,236.838,456.946,37.7393,1099,475.4510816,60.2992,0.501103,300.166626,1
2.52643,216.333,271.952,17.1964,2.50719,241.28,0,37.3804,1102,0.130203137,61.0822,0.0798765,333.7663879,1
369.954,189.737,275.071,17.1685,2.47168,240.22,313.209,37.4515,1109,0,59.7341,0.037683,215.8703308,1
714.03,60,279.055,17.125,2.42679,239.398,700.357,37.6222,1107,3878.82518,59.8594,0.0374683,522.0153198,1
0,84.8528,283.216,17.0825,2.37998,238.353,831.925,37.7697,1104,0,59.8226,0.0443743,332.4154053,1
955.431,84.8528,288.515,17.0227,2.32208,237.263,1315.9,37.9974,1102,1026.683289,60.0148,0.0371721,100.4987564,1
733.073,42.4264,292.461,16.9805,2.27903,236.318,1592.26,38.1444,1099,1217.640927,59.9354,0.0440898,422.0189514,1
0,169.706,288.964,17.0069,2.31917,237.622,1080,38.0972,1098,0,61.5745,0.109726,622.4146729,1
0,60,282.467,17.0796,2.38985,239.066,898.999,37.8312,1104,7190.281348,60.3023,0.256435,676.239624,1
178.087,67.082,277.361,17.133,2.44652,240.363,295.466,37.6487,1102,966.0359553,60.8103,0.042068,930.3762817,1
67.8802,540.833,271.891,17.1885,2.50739,241.921,30,37.4753,1101,0,60.6767,0.0427509,117.0469971,1
5.87333,150,267.338,17.2435,2.55926,242.54,67.082,37.223,1106,707.9996036,60.7525,0.0780334,130.3840485,1
266.061,0,264.475,17.2958,2.59522,241.156,0,36.8267,1119,0,60.4152,0.0734678,455.4118958,1
786.997,60,273.364,17.2115,2.4871,239.174,180,37.1728,1118,0,59.7581,0.0447259,434.165863,1
11.6268,445.982,288.752,17.0522,2.30996,235.975,457.93,37.8029,1105,0,61.565,0.152175,452.2167664,1
713.751,240,297.17,16.9416,2.22491,234.768,1236.93,38.2441,1104,0,59.9527,0.0450757,582.5804443,1
0,0,300.22,16.8882,2.1977,234.738,1528.82,38.4863,1098,178.5285256,60.7328,0.159599,826.3776245,1
0,360,295.913,16.9227,2.24599,236.252,751.798,38.4175,1094,0,61.8681,-0.026095,1413.258667,1
1.79872,84.8528,288.018,16.9998,2.3317,238.606,192.094,38.2036,1097,177.9387525,60.9574,0.155783,1560.801025,1
0,0,280.682,17.0773,2.41097,240.617,120,37.962,1096,848.3611407,60.8659,0.0553548,950,1
5.21915,655.21,276.678,17.1177,2.45436,241.866,0,37.853,1095,0.016641441,61.232,0.101928,274.5906067,1
0,349.857,271.681,17.1744,2.50841,243.148,0,37.6595,1093,0,61.4036,0.10545,670.6713257,1
1.17955,212.132,268.122,17.224,2.54836,243.34,150,37.403,1102,0,61.1826,0.107462,400.2499084,1
113.524,990.454,273.181,17.1657,2.4926,242.209,0,37.6237,1095,102.4009741,59.8177,0.0424052,482.5971375,1
0,210,277.833,17.1175,2.44164,240.854,108.167,37.7689,1088,0,60.7607,0.0474715,908.0198364,1
0,90,284.103,17.051,2.37308,239.204,764.853,37.9873,1102,2212.569877,60.5764,0.0779333,1190.126099,1
0,67.082,290.171,16.986,2.30732,237.656,630.714,38.2032,1089,0,61.5561,-0.0188869,1086.692261,1
891.776,201.246,286.331,17.0403,2.34706,238.035,1395.89,37.9591,1103,0.702375126,59.8708,0.0383607,270.7397156,1
0,394.588,275.001,17.1549,2.47282,241.151,67.082,37.5938,1096,0,60.9869,0.251376,557.3150024,1
262.807,30,249.689,17.5171,2.74106,240.62,60,35.7901,1185,10966.60834,60.3568,0.522159,60,1
0,30,257.25,17.5183,2.5862,238.917,189.737,36.0686,1210,3298.848776,60.198,0.391231,576.281189,1
0,30,259.08,17.499,2.56471,238.611,421.07,36.1529,1201,2263.787713,59.9228,0.0924683,108.1665421,1
317.165,60,256.037,17.4892,2.63402,239.446,0,36.0562,1183,7628.50583,60.1639,0.0209928,89.44271851,1
0,120,246.705,17.6611,2.59565,260.112,90,36.7228,1223,0,60.082,0.0419755,704.9113159,1
0,94.8683,246.526,17.6458,2.62052,258.202,0,36.5982,1232,0,60.8911,0.0346958,92.1954422,1
0,30,245.932,17.616,2.66917,255.459,270,36.4601,1221,11229.09056,60.3351,0.151042,460,1
0,0,246.353,17.6257,2.64436,257.135,390,36.5943,1213,14883.79702,60.3861,0.0374479,180.2775574,1
1.88363,180,246.671,17.6418,2.61587,259.061,636.396,36.7207,1209,6.769363095,61.0717,0.0999174,439.6589661,1
359.358,42.4264,245.999,17.6059,2.67578,255.313,189.737,36.5014,1209,0,60.1477,0.0600463,85.44004059,1
0,218.403,245.556,17.6018,2.69427,254.16,366.197,36.392,1218,0,59.5959,0.0418303,224.7220459,1
1.88363,60,246.802,17.6833,2.56616,262.271,90,36.8349,1216,0,61.285,0.0483244,1134.636475,1
348.785,201.246,246.529,17.6125,2.65126,256.914,794.292,36.6504,1200,0,60.4063,0.0297903,228.03508,1
0,90,238.078,17.5547,2.93827,244.484,120,35.451,1174,3124.956139,61.1429,0.0295186,121.6552505,1
0,60,236.498,17.5619,2.97006,243.842,0,35.3118,1166,3122.472301,61.3129,0.00579858,50,1
39.4752,120,236.032,17.5634,2.98039,243.573,0,35.2655,1165,782.1513827,60.8916,0.0770084,110,1
0,30,238.327,17.5449,2.9455,243.573,30,35.4067,1152,1544.116839,61.0724,0.0446773,101.9803925,1
197.91,0,238.69,17.5443,2.93581,243.982,94.8683,35.4599,1157,780.3225305,59.9478,0.0333936,125.2996445,1
0,30,239.25,17.5436,2.92143,244.497,30,35.5301,1161,601.3034994,60.7177,0.0599289,748.4650879,1
3.06265,240,241.186,17.5327,2.88368,245.318,90,35.7114,1156,0,61.1203,0.0678465,902.5519409,1
0,300,241.406,17.5267,2.88561,244.924,0,35.7018,1150,0,60.9224,0.195752,430.116272,1
0,90,241.882,17.518,2.88534,244.346,0,35.6916,1142,0,60.8675,0.0683199,108.1665421,1
1.09729,0,241.504,17.5188,2.89621,243.79,42.4264,35.6224,1144,0,60.804,-0.0110825,322.4902954,1
455.399,0,287.912,17.1583,2.25888,234.181,300,37.4857,1144,0,59.902,0.0614191,353.8361206,1
416.641,84.8528,302.032,17.004,2.10669,231.218,730.548,38.0471,1138,4753.043235,60.0855,0.0479212,94.33981323,1
615.272,180,315.258,16.8182,1.99649,228.761,453.982,38.6243,1124,7.756938459,59.6858,0.037794,240.8318939,1
0,30,297.604,17.0222,2.17549,232.613,483.735,37.9343,1126,2.526327949,60.1148,0.161817,292.0616455,1
450.996,60,306.801,16.9299,2.072,230.447,939.628,38.2695,1126,2438.536891,59.8066,0.0928148,272.9468689,1
307.032,30,293.029,17.1171,2.19226,232.959,540.833,37.6702,1151,911.1130321,59.9932,0.063705,180.2775574,1
0,67.082,309.119,16.9351,2.0196,235.219,1039.66,38.4662,1434,0,59.1816,0.199891,637.024353,1
80.5755,42.4264,307.796,16.9784,2.01081,234.665,1090.78,38.3676,1429,0,59.0279,0.338351,663.0988159,1
0,30,306.467,17.0179,2.00526,234.273,1027.03,38.2768,1429,0,59.3654,0.316818,785.1751099,1
183.259,30,304.569,17.0762,1.99603,233.656,722.496,38.1424,1421,0,59.2668,0.150558,940.0531616,1
160.011,30,306.133,17.0443,1.99142,233.572,942.019,38.2198,1412,0,59.476,0.270731,611.8823242,1
70.7724,30,307.672,16.9986,1.99776,234.02,1171.54,38.3254,1419,0,59.209,0.206621,474.3416443,1
189.61,30,309.626,16.9445,2.00301,234.46,1374.12,38.4511,1424,0,59.2249,0.161013,313.209198,1
233.355,30,310.71,16.9049,2.01339,235.072,1074.15,38.5399,1427,0,59.174,0.370206,275.8622742,1
128.996,30,308.008,16.9584,2.02218,235.238,806.102,38.4102,1443,0,59.3462,0.0825204,631.3477783,1
142.103,84.8528,306.696,16.9977,2.01628,234.829,751.798,38.3199,1436,0,59.3016,0.216619,548.178833,1
0,30,304.449,17.0661,2.00573,234.115,740.945,38.1626,1429,36.89588814,59.3018,0.180073,610.3277588,1
222.991,108.167,304.573,17.0857,1.98885,233.31,676.831,38.1227,1413,0,59.1617,0.17049,878.2368774,1
242.481,60,305.21,17.0773,1.98357,233.11,752.396,38.1449,1402,0,59.2115,0.180467,782.3042603,1
0,94.8683,307.458,17.021,1.98476,233.369,1008.46,38.278,1404,0,59.1227,0.175208,474.3416443,1
151.024,60,309.031,16.9762,1.98976,233.759,1218.24,38.382,1412,548.3712492,59.1031,0.190425,212.1320343,1
0,42.4264,311.185,16.9148,1.99689,234.314,1415.1,38.5241,1416,1266.658444,59.4438,0.128597,134.1640778,1
107.174,108.167,312.463,16.873,2.00547,234.86,1233.29,38.6189,1426,394.8708326,59.2383,0.110343,111.8033981,1
153.881,42.4264,313.247,16.8364,2.01942,235.621,873.613,38.6986,1430,1404.219207,59.4818,0.0135692,304.7950134,1
0,123.693,314.283,16.8361,2.00011,234.785,1143.55,38.7085,1423,0,59.305,0.215689,424.4996948,1
145.069,150,313.005,16.8765,1.99257,234.286,1213.8,38.6168,1416,0,59.5201,0.0971828,408.0441284,1
0,0,311.615,16.9151,1.98868,233.957,1203.37,38.5273,1412,0.016480499,59.3558,0.0642081,212.1320343,1
0,0,309.62,16.9704,1.98328,233.5,1103.9,38.3987,1410,3134.809918,59.3933,0.121956,283.0194397,1
0,30,308.087,17.0163,1.9767,233.037,827.587,38.2926,1391,0,59.3075,0.20239,551.5432739,1
235.444,0,305.419,17.0874,1.97215,232.576,579.396,38.1254,1396,0,59.359,0.0993047,636.0031738,1
0,60,309.782,16.9811,1.9721,232.973,872.067,38.3783,1390,2332.080304,59.294,0.158126,474.1307983,1
132.486,42.4264,312.198,16.9146,1.97817,233.504,901.998,38.5335,1406,0,59.4911,0.0334554,331.2098999,1
179.632,123.693,315.355,16.8334,1.98196,234.011,787.464,38.7239,1406,450.3072874,59.4986,0.159758,474.2362366,1
211.588,60,316.611,16.7792,2.001,235.072,823.772,38.8424,1424,7369.737073,59.3587,0.10276,737.8346558,1
146.79,150,314.9,16.7821,2.03115,236.366,630.714,38.8205,1444,220.3411512,59.5662,0.0931941,643.8167725,1
0,60,311.048,16.8558,2.04512,236.656,570,38.6415,1453,1363.645522,59.4494,0.0789949,810.9870605,1
208.828,84.8528,306.558,16.9785,2.03321,235.639,351.141,38.3587,1458,1067.194019,59.4118,0.0580628,328.9376831,1
462.591,90,303.484,17.0828,2.01068,234.27,655.21,38.1215,1440,341.3909685,59.2435,0.133084,420.5948181,1
165.833,182.483,300.686,17.1727,1.9945,233.259,189.737,37.9146,1429,0,59.4825,0.0713524,300.6659241,1
189.961,84.8528,300.401,17.2058,1.97546,232.327,60,37.8428,1408,2342.928948,59.6946,0.0914582,770.7788086,1
260.003,0,301.795,17.1854,1.9653,231.946,516.14,37.8949,1396,3472.811461,59.3228,0.0570945,1038.701172,1
239.671,0,306.912,17.0662,1.96069,232.152,351.141,38.1808,1370,0,59.3571,0.227163,275.136322,1
357.152,30,312.121,16.9337,1.96486,232.85,553.173,38.4945,1385,0,59.5064,0.115009,223.6067963,1
0,0,314.435,16.8735,1.96806,233.24,577.062,38.6361,1390,0,59.6604,0.0823208,80.62257385,1
265.731,30,312.718,16.9333,1.954,232.381,268.328,38.5005,1370,1205.691348,59.721,0.0807539,430.4648743,1
137.194,30,304.304,17.1454,1.94927,231.371,247.386,37.9963,1374,1316.168849,59.4955,0.124771,626.418396,1
0,0,295.856,17.3331,1.96404,231.473,785.175,37.5446,1421,0,59.57,0.23331,445.5333862,1
342.867,120,297.989,17.244,1.99054,232.865,540.833,37.7476,1442,892.9007655,59.2204,0.32706,221.359436,1
17.0295,60,300.011,17.1642,2.01262,234.071,865.852,37.9294,1470,1.042889972,59.6479,0.434262,252.9822083,1
0,84.8528,304.655,17.0223,2.03458,235.531,67.082,38.2558,1470,0,59.332,0.101922,329.8484497,1
168.068,134.164,307.184,16.9434,2.04839,236.439,331.361,38.4357,1485,0,59.2712,0.209246,436.0045776,1
39.9622,67.082,315.95,16.7742,2.01753,235.81,882.326,38.8457,1434,0,59.3153,0.0684402,590.3388672,1
254.673,67.082,308.218,17.0447,1.95279,231.887,384.187,38.2354,1367,3669.198298,59.4909,0.0600798,228.03508,1
324.34,30,299.535,17.2563,1.95409,231.239,108.167,37.7301,1385,0,59.6657,0.108026,1008.067444,1
0,123.693,294.702,17.3481,1.97357,231.845,926.121,37.5065,1447,31.3270773,59.4992,0.347517,642.0280151,1
283.814,180,296.206,17.2853,1.99205,232.806,774.209,37.6497,1470,227.3601147,59.6291,0.056099,471.6990662,1
21.9085,30,298.575,17.1979,2.01332,233.989,960.469,37.8499,1475,10289.34261,59.4638,0.0729912,156.2049866,1
187.009,60,302.594,17.0712,2.03494,235.364,550.727,38.1414,1510,7288.875882,59.6193,0.0752084,72.80110168,1
0,94.8683,296.489,17.2508,2.0116,233.743,496.588,37.7263,1553,0,59.5882,0.0800454,412.3105774,1
0,84.8528,292.896,17.3873,1.97713,231.894,351.141,37.4133,1510,1379.469047,59.5708,0.018222,130.3840485,1
91.3099,108.167,294.53,17.3288,1.9902,232.602,349.857,37.5479,1518,11026.79504,59.8935,0.242994,303.6445313,1
242.519,30,253.005,17.5194,2.67154,239.892,483.735,35.9123,1201,0,60.3007,0.087377,611.8823242,1
78.9787,182.483,254.638,17.5071,2.6482,239.608,342.053,35.9848,1197,0,60.3835,0.045278,345.3983154,1
7.71446,848.528,241.006,17.5583,2.86035,246.95,953.415,35.7636,1194,0,61.1753,0.181373,860.5230713,1
0,641.327,245.739,17.5456,2.74598,251.193,67.082,36.3741,1170,0,61.1103,0.133973,841.4867554,1
647.97,60,248.855,17.4499,2.78855,244.189,90,36.1338,1132,92.69385249,59.795,0.0307571,203.9607849,1
618.916,84.8528,256.365,17.3851,2.69653,241.671,150,36.3469,1128,0,60.0009,0.0633179,433.2435913,1
0,120,278.865,17.1942,2.4031,236.892,180,37.2343,1127,0,59.8383,0.0473415,331.0588989,1
0,42.4264,238.297,17.5658,2.93674,242.386,296.985,35.2852,1192,0,60.8858,0.153136,193.1320801,1
4.35912,480,230.335,17.5993,3.0776,243.006,891.964,34.8881,1194,0,61.3447,0.0121039,542.3098755,1
4.35912,1281.6,234.638,17.5784,2.99755,243.795,870.517,35.1874,1192,0,61.7099,0.111356,1274.754883,1
0,210,245.385,17.5175,2.78763,248.527,30,36.2174,1151,19.57548906,60.1015,0.0263837,220.9072266,1
0,375.899,246.664,17.4791,2.80231,245.961,426.38,36.1439,1134,0,60.6027,0.149275,559.0169678,1
0,174.929,348.916,16.3534,1.69851,222.105,30,40.1528,1089,1.035843541,60.6724,0.0221919,1046.947998,1
0,161.555,325.741,16.5305,1.94724,229.896,429.535,39.8513,1057,57.33581617,60.6396,0.214715,178.0449371,1
476.529,90,333.248,16.443,1.87212,227.86,814.985,40.112,1058,1.864910522,59.9201,0.0132841,224.7220459,1
0,30,330.73,16.5341,1.88676,227.414,150,39.6594,1084,15029.47122,60.2924,0.328358,390.5124817,1
0,90,339.58,16.4152,1.80198,225.448,400.25,40.0689,1070,0,60.0603,0.0931486,344.0930176,1
0,0,309.336,16.7848,2.1027,232.581,846.936,38.8362,1095,7276.40105,60.1731,0.0425839,926.336853,1
38.2981,90,345.716,16.4581,1.70283,221.506,30,39.7474,1119,88.65595928,60.7087,0.0544518,358.0502625,1
425.683,30,307.127,17.0268,1.9935,229.143,573.149,38.1223,1169,8.08466109,59.6282,0.113662,191.0497284,1
0,30,283.002,17.3279,2.22315,233.734,607.454,37.1235,1198,1628.967024,59.8371,0.061407,92.1954422,1
654.485,150,264.441,17.3293,2.5837,239.577,123.693,36.6176,1134,52.28418075,59.827,0.0296788,275.136322,1
0,394.588,246.895,17.5821,2.67148,255.704,90,36.6982,1175,0,60.7976,0.0377318,1018.675598,1
5.00844,180,254.19,17.3926,2.71568,244.387,201.246,36.5172,1119,0,60.6776,0.0775388,210.2379608,1
0,0,244.156,17.4949,2.86124,243.265,60,35.7409,1137,535.1323678,60.1066,0.287196,331.2098999,1
108.285,94.8683,296.635,17.1931,2.04932,235.545,721.249,37.8558,1574,0,59.0884,0.17165,580.3447266,1
0,94.8683,289.549,17.5427,1.92558,229.431,150,37.0616,1427,4743.409355,59.6247,0.22396,128.0624847,1
392.499,60,303.835,17.1889,1.92575,230.172,626.418,37.9009,1355,0,59.4193,0.057978,504.4799194,1
0,150,318.522,16.8425,1.91533,231.111,361.248,38.7364,1344,910.9090381,59.4952,0.0985549,371.6180725,1
2.14605,150,291.353,17.3972,1.99643,232.656,865.852,37.386,1537,121.6087088,60.2903,0.174082,164.0121918,1
5.95753,108.167,337.094,16.6115,1.75129,222.914,120,39.3172,1151,0,59.7172,0.568784,184.3908844,1
0,90,268.757,17.3326,2.4995,237.994,450.999,36.7011,1150,1971.828622,59.7248,0.0392147,455.4118958,1
485.989,42.4264,337.085,16.5038,1.81118,224.814,30,39.6604,1102,2073.952624,59.8831,0.0484419,314.0063782,1
4.35912,502.892,233.362,17.5805,3.027,243.094,540,35.0703,1167,0,60.4352,0.294783,504.4799194,1
4.35912,108.167,231.807,17.5919,3.05214,242.961,543.323,34.9676,1187,1199.543931,60.6933,0.193753,240.2082367,1
7.71446,218.403,242.151,17.5696,2.82042,248.366,305.941,35.8851,1217,0,61.1804,0.0190007,457.9301147,1
173.398,127.279,302.001,17.0379,2.06886,236.959,189.737,38.2118,1547,209.3094335,59.1476,0.234584,356.0898743,1
385.276,30,395.687,15.9054,1.21761,208.435,241.868,41.3389,1203,0,59.8778,0.0487371,260.1922302,1
500.572,30,392.487,15.9266,1.25801,209.849,84.8528,41.2698,1211,0,59.9171,0.0694985,145.6022034,1
61.7143,30,307.796,17.0721,1.9457,228.4,218.403,38.0782,1188,964.3201005,59.8497,0.119847,530,1
0,30,272.887,17.4741,2.30783,235.083,550.727,36.6417,1225,2092.374038,59.6297,0.0375749,388.9729919,1
180.111,617.738,252.729,17.4122,2.74228,243.085,182.483,36.2729,1126,0,59.9559,0.07665,272.0294189,1
0,30,247.93,17.5462,2.75249,241.022,90,35.7077,1220,8852.228449,60.4881,0.0828638,280.7133789,1
677.059,30,265.257,17.5391,2.40805,236.674,276.586,36.3263,1238,8714.225894,60.107,0.15661,530.7541504,1
0,42.4264,315.315,16.8695,1.95948,228.034,241.868,38.5223,1148,4499.743577,59.8165,0.0420726,457.0557861,1
11.329,268.328,340.489,16.5473,1.73574,222.374,0,39.4864,1135,0,59.898,0.0340039,304.7950134,1
511.576,60,347.497,16.4116,1.69805,221.566,60,39.9065,1108,1076.497607,59.9028,0.0246951,108.1665421,1
0.830613,90,354.178,16.3187,1.63872,220.194,150,40.2129,1095,0,60.5896,0.296151,963.3794556,1
534.746,134.164,351.844,16.2999,1.67479,221.72,212.132,40.3548,1078,40.95999063,60.1167,0.0468203,771.038269,1
0,0,346.799,16.3174,1.7333,223.747,67.082,40.3925,1061,0,59.9714,0.519773,58.30952072,1
78.9601,30,325.85,16.5566,1.94241,229.391,394.588,39.6849,1062,831.9216433,60.3703,0.0392229,276.5863342,1
622.414,90,321.684,16.6594,1.97225,229.15,241.868,39.2072,1097,0,59.6213,0.082357,166.4331665,1
1.88363,474.342,246.444,17.7527,2.49287,268.184,361.248,37.0921,1196,0,61.2852,0.0115676,1937.05957,1
170.366,618.466,270.027,17.4765,2.30866,246.3,241.868,37.1573,1604,0,60.0056,0.117388,545.6188965,0
0,466.69,274.076,17.4618,2.25031,242.953,402.492,37.1762,1667,0,60.3481,-0.00429985,215.4065857,0
3.63706,960,276.617,17.4518,2.21237,241.314,690.652,37.2108,1674,0,60.7504,0.0924036,1004.489929,0
541.226,228.473,280.141,17.4452,2.15533,238.853,241.868,37.2389,1636,0,59.4817,0.0570164,430.4648743,0
417.61,295.466,282.448,17.4624,2.10402,236.552,901.998,37.2023,1704,0,59.4726,0.0809943,323.1098938,0
0,228.473,285.178,17.445,2.0681,235.294,966.075,37.2587,1732,0,60.7778,0.142484,502.1951904,0
0,134.164,284.663,17.5092,2.03359,233.574,540.833,37.1046,1639,294.6188817,59.0458,0.0503211,208.0865173,0
0,150,283.424,17.5269,2.04358,233.767,60,37.052,1627,428.696119,59.5195,0.040319,283.0194397,0
0,60,281.533,17.4989,2.09634,235.834,330,37.0999,1607,8613.672662,60.296,0.125066,90.55384827,0
0,150,279.802,17.4729,2.14408,237.942,384.187,37.1554,1589,0,59.4372,0.191793,310.6445007,0
502.736,637.809,277.884,17.4642,2.18331,239.675,872.067,37.1698,1644,0,59.3501,0.0946956,863.3076172,0
3.99947,60,275.309,17.482,2.21901,240.591,42.4264,37.0887,1580,0,60.5253,0.136993,303.6445313,0
0,120,272.471,17.4815,2.26896,242.877,551.543,37.0816,1570,351.4637317,59.6243,0.0663035,405.2160034,0
0,523.927,269.757,17.4879,2.31136,245.036,865.332,37.0661,1550,0,59.9602,0.201765,524.9761963,0
0,210,267.098,17.5004,2.34834,247.097,600,37.0409,1533,6.935717358,59.4712,0.0677443,233.4523468,0
270.43,60,264.942,17.5157,2.38767,245.95,465.725,36.862,1461,1951.339227,59.4009,0.0667453,210.2379608,0
49.1932,42.4264,270.544,17.5059,2.29447,242.019,308.869,36.9238,1487,3569.501165,59.8457,0.20479,529.5280762,0
11.2713,256.32,278.409,17.5289,2.13466,236.429,1181.86,36.9716,1508,0,59.2567,0.617041,444.072052,0
0,150,280.688,17.5528,2.07639,234.398,729.932,36.9495,1550,94.45391004,60.1367,0.0195779,161.5549469,0
0,120,283.384,17.5874,2.00269,231.945,42.4264,36.9147,1559,785.7879728,59.7366,0.165199,360.138855,0
278.285,67.082,284.577,17.5858,1.98217,231.35,276.586,36.9344,1559,1339.388916,59.526,0.0955147,348.8552856,0
246.834,67.082,285.579,17.5329,2.00119,232.3,402.492,37.0588,1597,0,59.3056,0.0964409,101.9803925,0
27.3741,0,284.174,17.6606,1.93668,229.52,189.737,36.7742,1514,4237.742838,59.9897,0.0689175,125.2996445,0
0,60,281.909,17.6246,2.00464,231.536,540.833,36.8046,1508,0.376041762,59.4273,0.0494422,219.3171234,0
19.5408,90,274.519,17.5575,2.19361,236.537,150,36.7737,1450,2724.077681,59.6344,0.18163,122.0655594,0
72.7045,30,267.461,17.5331,2.34701,240.237,488.365,36.6544,1406,12245.67368,60.5594,0.0405795,100,0
0,30,263.217,17.5228,2.42214,245.278,722.496,36.7358,1411,1159.184492,59.7763,0.0151442,120.415947,0
494.137,30,267.652,17.521,2.3452,241.806,829.759,36.7608,1421,7101.001485,60.0266,0.0535041,591.3543701,0
494.137,30,267.652,17.521,2.3452,241.806,829.759,36.7608,1421,7101.001485,60.0266,0.0535041,591.3543701,0
0,0,273.92,17.5134,2.22848,239.462,1027.03,36.9384,1494,7450.642156,59.9584,0.117453,89.44271851,0
404.648,30,279.546,17.5971,2.06914,233.298,792.023,36.8085,1490,4993.283288,59.6491,0.0215593,317.8049622,0
61.6594,150,279.564,17.6264,2.04961,232.234,510.882,36.7322,1456,709.6376513,59.6964,0.237766,219.3171234,0
0,60,274.898,17.5851,2.17056,234.933,792.591,36.6833,1424,7787.209035,60.0796,0.291025,330.6054993,0
0,210,268.714,17.5497,2.31623,238.242,161.555,36.5907,1394,0,60.4044,0.0968006,219.5449829,0
0,42.4264,282.842,17.6868,1.94304,229.424,766.616,36.6952,1469,0,59.6804,0.288236,120.415947,0
48.4519,67.082,283.455,17.7769,1.86604,227.014,1389.75,36.541,1444,0,59.8301,0.210303,333.7663879,0
0.128096,394.588,280.689,17.6833,1.98925,229.963,1800.25,36.6248,1389,0,61.2799,0.141329,544.2426147,0
0,108.167,284.201,17.7081,1.90219,228.295,750,36.6817,1458,4191.503319,59.5492,0.34464,392.045929,0
0,0,285.865,17.6044,1.94621,230.095,1064.05,36.9086,1538,11564.13765,59.8193,0.140685,321.4031677,0
3.05457,30,287.64,17.4809,2.00146,232.559,904.489,37.1865,1596,5326.038734,60.0842,0.109508,130.3840485,0
0,60,291.181,17.3363,2.04096,234.685,690.652,37.5239,1632,5117.324476,59,0.0591907,94.33981323,0
104.816,84.8528,293.882,17.2167,2.07776,236.694,816.088,37.8029,1682,0,59.1145,0.313259,734.9829712,0
39.1874,0,303.096,16.9331,2.12394,239.79,589.406,38.4491,1656,0,59.2061,0.224429,518.5556641,0
106.698,67.082,308.856,16.7667,2.1489,241.578,662.722,38.8202,1618,2609.423208,59.1099,0.234058,140.3566895,0
14.8959,240,288.078,17.4038,2.04668,234.653,424.264,37.3639,1613,0,59.1972,0.266597,452.2167664,0
0,349.857,265.848,17.5049,2.35168,251.233,953.415,37.2001,1599,0,61.1892,0.126683,837.6156616,0
0,632.851,262.131,17.5525,2.3727,255.616,152.971,37.2074,1499,0,60.8878,0.293974,662.4197998,0
0,375.899,260.061,17.5961,2.35961,260.455,540,37.3147,1634,0,61.129,0.0938049,1320.037842,0
0,666.108,257.622,17.627,2.38781,260.466,882.326,37.1593,1379,0,58.9118,0.610037,636.3961182,0
27.4626,339.411,259.796,17.5733,2.40807,255.256,301.496,37.0542,1417,0,59.6659,0.0454861,389.4868469,0
0,296.985,263.841,17.5242,2.38164,250.751,465.725,37.0599,1491,0,60.335,0.25896,260.7680969,0
440.624,161.555,260.189,17.5463,2.44287,250.631,182.483,36.8575,1418,36.04003203,59.4148,0.0748345,174.6424866,0
4.05336,308.869,255.483,17.6036,2.47432,255.745,300,36.8424,1349,26.19030238,59.5414,0.462738,393.9543152,0
47.8813,254.558,254.377,17.6046,2.49936,255.289,123.693,36.7659,1330,0,60.1278,0.308676,661.8912354,0
0,123.693,251.576,17.6119,2.55528,254.936,582.495,36.61,1305,1643.322081,61.3545,0.0886174,407.0626526,0
0,360,248.693,17.8063,2.39244,270.523,442.945,37.0172,1293,3704.397648,61.1316,0.199958,332.4154053,0
198.163,1209.34,245.69,17.9876,2.26051,282.409,1492.18,37.1555,1309,3540.76445,60.5249,0.262736,353.5534058,0
0,150,250.79,17.7825,2.3692,269.819,942.019,37.1037,1326,0,60.055,0.152242,22.36067963,0
0,313.209,252.75,17.6793,2.44459,261.93,1291.39,36.9416,1338,0,59.8593,0.206412,443.8468323,0
5.95365,589.406,247.814,17.7753,2.44715,267.993,362.491,36.9203,1273,0,60.0678,0.067342,610,0
0.0314195,212.132,244.883,17.9342,2.33644,278.823,301.496,37.1184,1237,0.011403123,60.2594,0.340529,1943.656372,0
0,630.714,239.575,18.2531,2.1207,296.371,721.249,37.0152,1259,0,61.1465,0.182554,568.8585205,0
0.218596,1905.18,239.086,18.2841,2.09978,297.86,1905.18,36.9722,1299,0,60.1688,0.0655375,793.0952148,0
0,42.4264,240.488,18.184,2.17119,293.1,0,37.1269,1225,0,60.5804,0.0786863,237.6972809,0
0,42.4264,247.259,17.686,2.56028,261.138,134.164,36.6981,1251,10111.25549,60.1468,0.0681572,333.7663879,0
126.336,60,242.203,17.5735,2.82123,247.49,108.167,35.7999,1249,0,60.0659,0.0325625,111.8033981,0
3.11679,254.558,246.255,17.5626,2.74618,246.89,394.588,35.9625,1256,0,60.945,0.0405481,487.6473999,0
180.834,30,251.113,17.5444,2.66913,244.288,84.8528,36.0668,1293,8755.469362,59.8298,0.140526,492.4429016,0
213.263,30,252.714,17.546,2.65132,240.679,30,35.9318,1278,4.52388685,60.3382,0.0905012,107.7032928,0
0,84.8528,279.582,17.6551,2.03379,230.586,973.499,36.6199,1295,0,60.2049,-0.0128733,358.4689636,0
0,30,288.872,17.5594,1.92846,228.639,295.466,36.9871,1297,275.6965987,59.6303,0.0240074,471.6990662,0
13.056,30,299.909,17.314,1.90647,228.589,450,37.5963,1292,13243.94844,59.8021,0.413872,41.23105621,0
555.363,0,257.898,17.5374,2.51883,246.45,361.248,36.5292,1354,1632.303968,60.3667,0.0419026,70.7106781,0
0,603.738,248.697,17.667,2.55282,259.38,0,36.6588,1279,3868.101559,61.0243,0.092583,643.2728882,0
71.1743,90,251.696,17.568,2.61169,249.758,737.902,36.3824,1302,5621.330224,60.616,0.126356,215.8703308,0
0,241.868,257.535,17.5401,2.54962,241.226,258.07,36.2127,1329,0,59.8147,0.176585,741.0803223,0
68.5702,150,322.936,16.4001,2.19035,245.149,582.495,39.628,1590,82.12491733,59.2072,0.267813,260.7680969,0
159.245,42.4264,326.102,16.2964,2.21854,246.93,764.853,39.8491,1618,0,59.6749,0.0756164,673.5725708,0
0,212.132,331.821,16.1381,2.24847,249.127,606.712,40.189,1604,0,60.2416,0.19546,353.4119263,0
0,331.361,335.711,16.0369,2.26468,250.434,618.466,40.4069,1637,0,59.8966,0.264324,411.4608154,0
0,30,333.414,16.1243,2.23076,248.435,270,40.2282,1579,3398.323793,60.3544,0.0290944,259.4224243,0
48.8018,308.869,327.542,16.3008,2.18879,245.61,641.327,39.8515,1555,0,60.0932,0.246039,354.6829529,0
14.5375,30,321.977,16.4674,2.15313,243.178,540.833,39.4907,1533,0,59.983,0.262556,276.5863342,0
0,0,322.311,16.4921,2.12656,241.892,457.93,39.4464,1511,7485.160085,60.0954,0.0845697,44.72135925,0
0,0,329.244,16.3147,2.14391,243.569,180,39.8432,1505,5024.805094,60.095,0.282191,284.4292603,0
104.899,94.8683,335.063,16.1256,2.19705,246.945,800.5,40.2437,1546,0,59.9039,0.138983,456.1797791,0
101.178,180,331.089,16.2268,2.18504,245.851,720,40.0209,1542,0,60.0916,0.120716,386.2641602,0
0,108.167,327.195,16.3395,2.16233,244.245,676.831,39.7768,1534,3272.915329,59.5691,0.0398218,304.1381226,0
16.6816,161.555,317.88,16.4915,2.20419,245.278,630.714,39.4227,1711,0,58.7743,0.576158,560.8029785,0
160.119,60,314.852,16.6164,2.1609,242.785,394.588,39.1529,1608,0,59.2703,0.12319,456.0701599,0
566.798,67.082,325.694,16.2718,2.24481,248.199,450,39.8952,1714,0,59.4723,0.0451921,837.4365845,0
0,318.904,331.361,16.1129,2.27743,250.525,1253.2,40.2333,1689,0,59.3422,0.270953,322.0248413,0
0,429.535,339.23,15.9028,2.31838,253.601,1366.24,40.6786,1707,0,60.1361,0.107853,650.3076172,0
0,424.264,344.682,15.7588,2.34781,255.823,1402.64,40.9829,1736,0,59.558,0.359111,148.6606903,0
329.693,108.167,342.081,15.8659,2.29789,252.94,807.775,40.7715,1655,0,59.48,0.063212,117.0469971,0
9.64863,551.543,340.028,15.9836,2.22774,249.121,1116.06,40.5474,1574,0,60.4472,0.179857,915.4780273,0
0,42.4264,344.891,15.7943,2.30951,253.903,764.853,40.9251,1655,489.7253946,59.4632,0.271692,150,0
7.7642,324.5,349.676,15.6344,2.3687,257.571,662.722,41.2484,1724,0,59.6365,0.251038,373.3630981,0
132.693,90,312.995,16.7057,2.12536,240.817,424.264,38.9598,1550,39.50427187,59.4089,0.141329,223.6067963,0
160.157,60,316.747,16.6318,2.11628,240.763,488.365,39.1311,1520,0,59.267,0.106701,346.6987305,0
24.6425,84.8528,318.508,16.6238,2.09018,239.661,771.298,39.1608,1489,1036.260199,59.5934,0.533362,531.5072632,0
15.1438,228.473,328.991,16.3611,2.10827,241.763,676.831,39.7571,1484,6989.704239,59.3978,0.0169622,219.3171234,0
24.409,456.946,337.552,16.1191,2.15157,244.975,1731.18,40.286,1522,0,60.3978,0.223982,1060.754395,0
24.409,90,340.902,16.0711,2.12553,244.098,2343.27,40.4124,1494,758.7108079,60.1673,0.194299,1560.416626,0
0,94.8683,346.747,15.945,2.1189,244.515,2117.29,40.7058,1494,0,61.181,0.177173,760.5918579,0
0,313.209,352.582,15.7515,2.17834,248.241,2737.24,41.1073,1514,2803.251503,60.459,0.159661,460.9772339,0
6.71016,626.418,356.773,15.5814,2.25638,252.73,2674.71,41.4402,1543,0,59.8421,0.456378,643.5060425,0
0,30,358.109,15.5929,2.2083,250.431,1654.63,41.4472,1501,2136.92264,59.9954,0.159754,992.4716797,0
0,0,358.097,15.7173,2.07983,243.971,829.759,41.2547,1434,0,59.5657,0.123154,909.1754761,0
0,0,352.402,15.9759,1.96777,237.788,1113.64,40.7375,1382,13550.56384,60.1152,0.0911431,797.0570679,0
246.35,60,343.965,16.2537,1.8996,233.41,94.8683,40.137,1339,1914.118225,59.7363,0.109103,184.3908844,0
0,330,336.845,16.2945,2.00732,237.743,997.246,39.9732,1456,0,60.8288,0.221608,1180.720093,0
0,417.852,331.721,16.3411,2.07064,240.227,1641.25,39.8255,1482,0,59.4095,0.142043,721.1102295,0
0,67.082,328.668,16.5126,1.98473,235.642,523.927,39.4783,1430,12894.66023,60.3433,0.218668,765.3757324,0
480.476,0,332.489,16.5786,1.85786,229.964,566.039,39.3964,1336,0,59.8714,0.0277403,501.5974426,0
313.027,42.4264,337.499,16.5916,1.75542,225.649,342.053,39.4193,1286,6037.475256,60.0541,0.0530941,121.6552505,0
0,90,348.706,16.3276,1.74922,226.833,375.899,40.0542,1301,0,59.6822,0.0492355,247.5883636,0
0,150,350.535,16.2802,1.75184,227.196,241.868,40.1651,1297,111.9057366,59.7593,0.0780606,234.3074951,0
115.718,90,355.475,16.1111,1.79177,229.73,256.32,40.5387,1306,3622.957227,59.9216,0.245586,131.5294647,0
540.58,30,350.966,16.2165,1.79398,229.253,391.152,40.2901,1304,960.7490701,59.7738,0.0550787,232.5940704,0
0,30,356.8,16.2181,1.68302,224.764,94.8683,40.3518,1283,0,59.7331,0.07085,212.1320343,0
0,90,358.432,16.1538,1.70199,225.871,271.662,40.4931,1278,1221.155653,59.7813,0.0397677,164.0121918,0
0,30,360.223,16.072,1.73167,227.497,324.5,40.6681,1298,1719.687646,59.7207,0.0682053,126.4911041,0
411.028,90,357.003,16.0225,1.83382,231.921,313.209,40.719,1326,734.9437097,59.6484,0.114627,94.33981323,0
0,108.167,363.981,16.1253,1.62103,222.8,218.403,40.6078,1270,2401.189536,59.7554,0.107866,125.2996445,0
0,0,367.863,16.1301,1.54711,219.865,42.4264,40.6367,1254,6507.351888,60.3189,0.033849,102.9562988,0
463.465,90,364.539,16.2075,1.55039,219.561,127.279,40.4491,1255,0,59.8315,0.0834224,396.6106262,0
248.564,30,348.783,16.4022,1.69111,224.076,161.555,39.9081,1284,358.9810008,60.2421,0.109338,494.974762,0
352.582,30,337.506,16.4291,1.88118,231.707,878.237,39.7368,1350,354.0065351,60.2599,0.0467453,490.1020203,0
0,241.868,361.538,15.481,2.23719,252.272,1020,41.6803,1499,0,59.9709,0.072327,1100.545288,0
17.7455,371.079,363.909,15.4461,2.1939,250.172,331.361,41.7898,1483,0,59.1266,0.482432,376.430603,0
173.235,0,361.231,15.7745,1.95256,238.078,0,41.2152,1391,0,60.4848,0.0817932,473.8143005,0
0,90,358.692,15.9226,1.88241,234.444,662.722,40.9196,1349,668.5909175,59.7726,0.057423,63.24555206,0
0,30,406.529,15.7944,1.103,204.614,30,41.6789,1134,997.5916772,60.2259,0.0426564,131.5294647,0
633.446,0,403.057,15.8247,1.14008,205.757,123.693,41.598,1124,2046.877786,59.9806,0.0369906,90.55384827,0
0,0,398.761,15.8619,1.18616,207.178,457.93,41.4998,1114,16655.30302,60.265,0.13712,304.1381226,0
0,94.8683,392.878,15.9088,1.25077,209.199,241.868,41.3797,1116,0,61.0564,0.0419497,181.1076965,0
0,42.4264,386.584,15.958,1.31985,211.358,218.403,41.2584,1121,0,59.7439,0.354334,230.2172852,0
931.116,84.8528,380.351,16.001,1.38997,213.587,276.586,41.1624,1129,0,60.0441,0.0622876,130.3840485,0
700.123,0,376.423,16.0242,1.43526,215.05,84.8528,41.1176,1138,0,60.4754,0.0781207,541.2947388,0
45.3108,150,381.179,15.9866,1.38424,213.474,429.535,41.2023,1151,0,60.3104,0.180849,272.0294189,0
0,30,390.176,15.9221,1.28386,210.302,30,41.3513,1145,9753.085312,60.8969,0.0156875,120.415947,0
576.37,0,395.894,15.8761,1.22166,208.367,161.555,41.4662,1151,0,59.781,0.0462961,349.2849731,0
0,42.4264,400.58,15.835,1.17224,206.858,90,41.5706,1159,0,60.0412,0.0610291,63.24555206,0
0,60,404.203,15.8101,1.13024,205.501,241.868,41.6365,1143,54.89711915,60.717,0.158032,70,0
0,0,400.618,15.841,1.16857,206.682,84.8528,41.5559,1141,0,59.9577,0.05784,141.4213562,0
0,0,412.081,15.7519,1.04023,202.607,218.403,41.7947,1134,0,59.954,0.0591216,44.72135925,0
465.786,60,415.742,15.7227,0.999181,201.295,364.966,41.8759,1137,1305.594636,60.2054,0.0475674,423.7923889,0
0,94.8683,407.577,15.7941,1.08741,204.047,30,41.6781,1125,2280.983279,60.1763,0.0600058,317.8049622,0
0,120,405.584,15.8053,1.11172,204.856,94.8683,41.6494,1124,3729.235811,59.9747,0.0338268,156.2049866,0
48.5923,90,408.272,15.7824,1.08261,203.95,134.164,41.7112,1131,0,60.7106,0.17929,170.8800812,0
162.146,150,412.981,15.7467,1.02913,202.234,641.327,41.8088,1131,255.1260987,60.4453,0.106153,614.0032349,0
855.378,123.693,401.91,15.8409,1.14956,205.993,94.8683,41.5525,1118,167.3985655,60.0748,0.0710436,169.7056274,0
895.673,192.094,395.19,15.903,1.22017,208.134,488.365,41.3837,1116,0,60.3644,0.0623929,430.116272,0
0,550.727,388.312,15.9564,1.29626,210.521,1049.57,41.2505,1105,0,59.8745,0.0717989,788.1624146,0
0,390,381.306,16.0188,1.37029,212.764,888.426,41.0893,1092,0,60.4305,0.235508,220.9072266,0
0,0,382.59,15.9939,1.36164,212.621,42.4264,41.1679,1108,0,60.0935,0.117289,242.0743713,0
382.972,94.8683,379.753,16.0641,1.37548,212.635,812.219,40.9262,1110,0,60.033,0.047424,357.3513794,0
80.0874,150,365.791,16.1842,1.52534,217.165,90,40.6207,1094,245.9996824,60.9163,0.11617,178.0449371,0
500.608,228.473,367.761,16.1555,1.508,216.759,284.605,40.7155,1099,0,59.9868,0.0404487,353.5534058,0
0,0,401.375,15.8616,1.14842,205.841,60,41.4839,1132,88.26542805,60.307,0.0614888,421.9004517,0
903.361,42.4264,388.021,16.0145,1.27511,209.638,123.693,41.0442,1159,0,59.9131,0.0443515,371.0794983,0
395.039,30,382.242,16.0831,1.32808,211.322,218.403,40.8511,1170,61.97353047,59.9939,0.0854896,523.9274902,0
258.138,60,284.742,17.7285,1.87796,227.428,674.166,36.6463,1423,1862.320272,59.7034,0.0986682,107.7032928,0
75.0517,30,283.235,17.6577,1.96143,229.097,563.649,36.7068,1296,10573.35187,60.1822,0.21845,72.11102295,0
652.068,42.4264,342.058,16.5736,1.68684,222.849,390,39.4932,1247,6328.506205,60.151,0.0354564,94.86833191,0
855.771,42.4264,408.128,15.7996,1.07698,203.708,258.07,41.6557,1163,860.3166502,60.2217,0.0357228,560.8029785,0
301.985,189.737,344.943,16.0993,2.01373,239.082,976.729,40.4214,1413,1272.394992,59.7954,0.0725221,162.788208,0
0,453.982,339.965,16.172,2.05201,240.332,1360.62,40.2281,1521,0,60.4006,0.290305,884.590271,0
451.123,120,276.295,17.5354,2.17106,237.105,964.21,36.9054,1504,1707.135561,59.4687,0.0726486,123.6931686,0
0,30,271.074,17.5278,2.27681,239.635,60,36.8008,1448,98.5514054,59.8779,0.162321,254.9509735,0
414.341,210,252.162,17.551,2.62826,247.023,488.365,36.269,1301,0,59.5554,0.0918024,599.0826416,0
0.560045,607.454,248.839,17.6006,2.63235,252.886,906.973,36.3882,1282,0,59.6378,-0.0631585,750.2666016,0
0,0,245.283,17.5884,2.72858,250.622,120,36.1172,1265,11526.4968,60.471,0.0543348,602.0797119,0
0,212.132,246.435,17.9364,2.29984,279.078,1233.29,37.121,1280,0,60.2545,0.10785,151.3274536,0
2.171,1135.65,246.759,17.8705,2.36518,274.577,873.613,37.0461,1268,0,60.1532,0.59537,1330.150391,0
